Project Name,Task Name,Task Status,Assigned Team Member,Due Date,Completion Date,Priority Level,Budget Allocated,Budget Spent,Resource Utilization,Risk Level
Erickson-Parker,morph revolutionary portals,In Progress,Nancy Williams,2024-08-06,,Medium,26412.93,10401.65,8.89,High
Erickson-Parker,generate intuitive partnerships,Not Started,Stephen Nielsen,2024-08-06,,High,26412.93,10401.65,8.89,Medium
Erickson-Parker,transform intuitive web services,Not Started,Tiffany Howard,2024-08-06,,Low,26412.93,10401.65,8.89,Medium
Erickson-Parker,revolutionize compelling e-tailers,Overdue,David Mann,2024-08-06,,Medium,26412.93,10401.65,8.89,Low
Erickson-Parker,monetize mission-critical mindshare,Completed,Hannah Logan,2024-08-06,2024-07-30,High,26412.93,10401.65,8.89,High
Erickson-Parker,incentivize interactive markets,In Progress,Lauren Jordan,2024-08-06,,Low,26412.93,10401.65,8.89,Medium
Erickson-Parker,whiteboard strategic models,Completed,Donna Wilson,2024-08-06,2024-06-10,Medium,26412.93,10401.65,8.89,Low
Erickson-Parker,enable impactful e-tailers,Completed,David Coleman Jr.,2024-08-06,2024-08-03,Low,26412.93,10401.65,8.89,Low
Erickson-Parker,deliver open-source architectures,Not Started,James Brewer,2024-08-06,,Medium,26412.93,10401.65,8.89,Low
Erickson-Parker,transition visionary functionalities,Not Started,Claudia Schneider,2024-08-06,,High,26412.93,10401.65,8.89,High
Erickson-Parker,implement efficient e-tailers,Overdue,Alex Garcia,2024-08-06,,Medium,26412.93,10401.65,8.89,Medium
Erickson-Parker,exploit enterprise e-tailers,In Progress,Erin Bartlett,2024-08-06,,Medium,26412.93,10401.65,8.89,High
Erickson-Parker,streamline plug-and-play e-services,Overdue,Katie Bell,2024-08-06,,Low,26412.93,10401.65,8.89,Low
Erickson-Parker,extend world-class experiences,In Progress,Jeffrey Coleman,2024-08-06,,High,26412.93,10401.65,8.89,High
Erickson-Parker,reinvent customized functionalities,Not Started,Travis Mullins,2024-08-06,,Low,26412.93,10401.65,8.89,Medium
Erickson-Parker,streamline next-generation infrastructures,Not Started,Jason Nelson,2024-08-06,,Medium,26412.93,10401.65,8.89,Medium
Erickson-Parker,morph B2C methodologies,Not Started,Denise Cabrera,2024-08-06,,High,26412.93,10401.65,8.89,Medium
Erickson-Parker,repurpose end-to-end web-readiness,In Progress,Patricia Taylor,2024-08-06,,High,26412.93,10401.65,8.89,High
"Briggs, Hunter and Robertson",leverage value-added users,In Progress,Alexander Osborne,2024-08-06,,Medium,76825.18,46717.02,40.96,Medium
"Briggs, Hunter and Robertson",facilitate synergistic relationships,Completed,Samantha Miller,2024-08-06,2024-08-03,High,76825.18,46717.02,40.96,High
"Briggs, Hunter and Robertson",visualize vertical e-services,Overdue,David Solomon,2024-08-06,,Medium,76825.18,46717.02,40.96,Low
"Briggs, Hunter and Robertson",productize bricks-and-clicks models,Overdue,Diane Davis,2024-08-06,,Medium,76825.18,46717.02,40.96,Low
"Briggs, Hunter and Robertson",generate strategic channels,Not Started,Allen Williams,2024-08-06,,High,76825.18,46717.02,40.96,High
"Briggs, Hunter and Robertson",implement 24/7 web-readiness,In Progress,Laura Robertson,2024-08-06,,Low,76825.18,46717.02,40.96,High
"Briggs, Hunter and Robertson",morph user-centric paradigms,Not Started,Jorge Adams,2024-08-06,,Medium,76825.18,46717.02,40.96,Medium
"Briggs, Hunter and Robertson",reinvent virtual action-items,Completed,Timothy Hess,2024-08-06,2024-06-18,High,76825.18,46717.02,40.96,Medium
"Briggs, Hunter and Robertson",strategize killer infrastructures,In Progress,Sheila Fleming DVM,2024-08-06,,Low,76825.18,46717.02,40.96,Low
"Briggs, Hunter and Robertson",revolutionize viral applications,Completed,Melissa Sanders,2024-08-06,2024-07-02,High,76825.18,46717.02,40.96,Low
"Briggs, Hunter and Robertson",enhance visionary architectures,Completed,Alexa Conley,2024-08-06,2024-06-11,High,76825.18,46717.02,40.96,Low
"Briggs, Hunter and Robertson",seize vertical solutions,In Progress,William Reyes,2024-08-06,,Medium,76825.18,46717.02,40.96,Low
"Briggs, Hunter and Robertson",maximize extensible users,In Progress,Jennifer Durham,2024-08-06,,Low,76825.18,46717.02,40.96,Low
"Briggs, Hunter and Robertson",monetize robust paradigms,Not Started,Marcia Guerrero,2024-08-06,,Low,76825.18,46717.02,40.96,Medium
"Briggs, Hunter and Robertson",synergize real-time interfaces,Not Started,Jesus Keller,2024-08-06,,High,76825.18,46717.02,40.96,High
"Briggs, Hunter and Robertson",integrate integrated applications,Completed,Tara Gray,2024-08-06,2024-07-29,High,76825.18,46717.02,40.96,Low
"Briggs, Hunter and Robertson",architect holistic markets,In Progress,Ronnie Pitts,2024-08-06,,High,76825.18,46717.02,40.96,High
"Briggs, Hunter and Robertson",visualize strategic models,In Progress,John Mitchell,2024-08-06,,Medium,76825.18,46717.02,40.96,Low
French PLC,maximize robust initiatives,Overdue,Mrs. Patricia Hamilton,2024-08-06,,High,19272.04,8764.31,78.35,High
French PLC,morph world-class content,In Progress,Phillip Osborne,2024-08-06,,High,19272.04,8764.31,78.35,Medium
French PLC,generate magnetic web services,Completed,Christopher Graham,2024-08-06,2024-07-20,High,19272.04,8764.31,78.35,Medium
French PLC,deliver strategic relationships,Not Started,Laura Sanders,2024-08-06,,Medium,19272.04,8764.31,78.35,Medium
French PLC,repurpose leading-edge channels,Overdue,Leonard Martinez,2024-08-06,,High,19272.04,8764.31,78.35,High
French PLC,leverage open-source synergies,In Progress,Jason Rodriguez,2024-08-06,,Low,19272.04,8764.31,78.35,High
French PLC,redefine mission-critical synergies,Not Started,Christine Rogers DVM,2024-08-06,,Low,19272.04,8764.31,78.35,Low
French PLC,embrace back-end schemas,Overdue,Julie Frost,2024-08-06,,Low,19272.04,8764.31,78.35,Low
French PLC,e-enable enterprise supply-chains,Not Started,Christine Hale,2024-08-06,,Medium,19272.04,8764.31,78.35,High
French PLC,visualize intuitive architectures,Completed,James Murray,2024-08-06,2024-07-02,High,19272.04,8764.31,78.35,Low
French PLC,deliver out-of-the-box paradigms,Completed,Angela Camacho,2024-08-06,2024-07-11,Medium,19272.04,8764.31,78.35,Medium
French PLC,aggregate open-source paradigms,Completed,Tara Nguyen,2024-08-06,2024-07-23,Low,19272.04,8764.31,78.35,High
French PLC,seize efficient applications,Overdue,Mark Morris,2024-08-06,,High,19272.04,8764.31,78.35,Low
French PLC,enable end-to-end communities,In Progress,Anthony Weber,2024-08-06,,High,19272.04,8764.31,78.35,High
French PLC,reinvent bricks-and-clicks experiences,In Progress,Donna Rodriguez,2024-08-06,,Low,19272.04,8764.31,78.35,Low
French PLC,utilize back-end synergies,Overdue,Jennifer Nguyen,2024-08-06,,Medium,19272.04,8764.31,78.35,Low
French PLC,reinvent 24/7 networks,Overdue,Joseph Brooks,2024-08-06,,Low,19272.04,8764.31,78.35,Medium
French PLC,cultivate killer convergence,Not Started,David Gutierrez,2024-08-06,,Medium,19272.04,8764.31,78.35,Low
Rangel-Roberts,re-intermediate sticky e-business,Overdue,Todd Pope,2024-08-06,,Medium,96992.99,21912.11,77.3,High
Rangel-Roberts,synthesize innovative relationships,Not Started,Christine Buckley,2024-08-06,,Low,96992.99,21912.11,77.3,Low
Rangel-Roberts,repurpose mission-critical vortals,Completed,Gerald Santiago,2024-08-06,2024-06-08,Medium,96992.99,21912.11,77.3,Medium
Rangel-Roberts,facilitate user-centric solutions,Overdue,Jessica Henry,2024-08-06,,Medium,96992.99,21912.11,77.3,Low
Rangel-Roberts,whiteboard world-class methodologies,In Progress,Kimberly Wall,2024-08-06,,Low,96992.99,21912.11,77.3,Low
Rangel-Roberts,incentivize holistic convergence,In Progress,Kristen Durham DDS,2024-08-06,,High,96992.99,21912.11,77.3,Low
Rangel-Roberts,syndicate plug-and-play solutions,Not Started,Robert Terry,2024-08-06,,Medium,96992.99,21912.11,77.3,High
Rangel-Roberts,redefine ubiquitous deliverables,Overdue,Ryan Christensen,2024-08-06,,Medium,96992.99,21912.11,77.3,Medium
Rangel-Roberts,leverage real-time infrastructures,Completed,Brandy Aguilar,2024-08-06,2024-08-05,Medium,96992.99,21912.11,77.3,High
Rangel-Roberts,envisioneer out-of-the-box interfaces,Not Started,Bradley Vance,2024-08-06,,High,96992.99,21912.11,77.3,Low
Rangel-Roberts,re-intermediate ubiquitous schemas,Completed,Emily Martin,2024-08-06,2024-07-10,High,96992.99,21912.11,77.3,Low
Rangel-Roberts,transform real-time applications,Not Started,Tyler Murphy,2024-08-06,,Medium,96992.99,21912.11,77.3,Medium
Rangel-Roberts,deliver rich initiatives,Not Started,Teresa Hoover,2024-08-06,,Low,96992.99,21912.11,77.3,Medium
Rangel-Roberts,seize virtual partnerships,In Progress,Douglas Myers,2024-08-06,,Medium,96992.99,21912.11,77.3,Low
Rangel-Roberts,disintermediate integrated action-items,Overdue,Colleen Henson,2024-08-06,,High,96992.99,21912.11,77.3,Low
Rangel-Roberts,aggregate best-of-breed niches,Overdue,Audrey Stewart MD,2024-08-06,,Medium,96992.99,21912.11,77.3,Medium
Rangel-Roberts,redefine transparent e-services,Not Started,Janet Jackson,2024-08-06,,Low,96992.99,21912.11,77.3,High
Rangel-Roberts,leverage efficient eyeballs,Overdue,Christopher Peterson,2024-08-06,,Medium,96992.99,21912.11,77.3,Medium
Pope-Nelson,grow best-of-breed deliverables,Overdue,Juan Anthony,2024-08-06,,Medium,43172.71,7141.5,34.77,High
Pope-Nelson,revolutionize rich platforms,In Progress,Ricky Acosta,2024-08-06,,Medium,43172.71,7141.5,34.77,Medium
Pope-Nelson,matrix distributed infrastructures,Not Started,Michele Garcia,2024-08-06,,Low,43172.71,7141.5,34.77,Medium
Pope-Nelson,drive enterprise architectures,Completed,Katie Edwards,2024-08-06,2024-06-20,Low,43172.71,7141.5,34.77,Medium
Pope-Nelson,mesh intuitive e-markets,In Progress,Cathy Dawson,2024-08-06,,Low,43172.71,7141.5,34.77,Low
Pope-Nelson,streamline scalable e-markets,Not Started,Matthew Tucker,2024-08-06,,High,43172.71,7141.5,34.77,Medium
Pope-Nelson,drive magnetic interfaces,Overdue,Malik Smith,2024-08-06,,Low,43172.71,7141.5,34.77,Medium
Pope-Nelson,transform end-to-end bandwidth,Overdue,Shannon Fernandez,2024-08-06,,High,43172.71,7141.5,34.77,High
Pope-Nelson,re-contextualize vertical models,Overdue,Timothy Mahoney,2024-08-06,,Low,43172.71,7141.5,34.77,Low
Pope-Nelson,productize innovative infrastructures,Completed,James Watts,2024-08-06,2024-06-22,High,43172.71,7141.5,34.77,Medium
Pope-Nelson,mesh revolutionary architectures,Completed,Molly Moyer,2024-08-06,2024-08-03,Low,43172.71,7141.5,34.77,Low
Pope-Nelson,re-intermediate synergistic relationships,Completed,Adam Blevins,2024-08-06,2024-07-12,High,43172.71,7141.5,34.77,Low
Pope-Nelson,scale plug-and-play web-readiness,In Progress,Mark Hammond,2024-08-06,,High,43172.71,7141.5,34.77,Medium
Pope-Nelson,syndicate next-generation eyeballs,In Progress,Nicole Decker,2024-08-06,,Medium,43172.71,7141.5,34.77,Medium
Pope-Nelson,integrate open-source functionalities,Completed,Ryan Fuller,2024-08-06,2024-08-01,Medium,43172.71,7141.5,34.77,High
Pope-Nelson,iterate world-class content,Not Started,Brenda Ward,2024-08-06,,High,43172.71,7141.5,34.77,Medium
Pope-Nelson,re-intermediate ubiquitous info-mediaries,In Progress,Michelle Robertson,2024-08-06,,High,43172.71,7141.5,34.77,High
Pope-Nelson,transform 24/7 experiences,Not Started,Matthew Wood,2024-08-06,,High,43172.71,7141.5,34.77,Low
Mclaughlin Ltd,aggregate seamless interfaces,Overdue,Kathleen Tucker,2024-08-06,,Low,56882.78,19686.61,59.97,Low
Mclaughlin Ltd,incubate impactful channels,Not Started,Michael Flores,2024-08-06,,Medium,56882.78,19686.61,59.97,Medium
Mclaughlin Ltd,disintermediate mission-critical users,Completed,Victoria Ortega,2024-08-06,2024-06-13,Low,56882.78,19686.61,59.97,Low
Mclaughlin Ltd,cultivate user-centric platforms,Overdue,Julie Davis,2024-08-06,,High,56882.78,19686.61,59.97,Medium
Mclaughlin Ltd,whiteboard revolutionary portals,Not Started,Diana Solis,2024-08-06,,Low,56882.78,19686.61,59.97,Medium
Mclaughlin Ltd,revolutionize impactful paradigms,Not Started,Joseph Reeves,2024-08-06,,Low,56882.78,19686.61,59.97,Medium
Mclaughlin Ltd,optimize compelling vortals,Not Started,Edward Gonzalez,2024-08-06,,High,56882.78,19686.61,59.97,Medium
Mclaughlin Ltd,revolutionize revolutionary technologies,In Progress,Jessica Ward,2024-08-06,,Low,56882.78,19686.61,59.97,Medium
Mclaughlin Ltd,synergize value-added ROI,Not Started,Charles Clark,2024-08-06,,Medium,56882.78,19686.61,59.97,Low
Mclaughlin Ltd,re-contextualize magnetic convergence,In Progress,Steven Hampton,2024-08-06,,High,56882.78,19686.61,59.97,High
Mclaughlin Ltd,maximize efficient e-tailers,Completed,Charles Evans,2024-08-06,2024-07-07,High,56882.78,19686.61,59.97,Low
Mclaughlin Ltd,grow distributed architectures,In Progress,Michael Gonzales,2024-08-06,,Medium,56882.78,19686.61,59.97,High
Mclaughlin Ltd,embrace bricks-and-clicks eyeballs,Not Started,Tina Murphy,2024-08-06,,High,56882.78,19686.61,59.97,High
Mclaughlin Ltd,utilize next-generation functionalities,Not Started,Michael Fleming,2024-08-06,,Low,56882.78,19686.61,59.97,High
Mclaughlin Ltd,reinvent dot-com e-markets,Completed,Mark Noble,2024-08-06,2024-07-27,Medium,56882.78,19686.61,59.97,Low
Mclaughlin Ltd,revolutionize best-of-breed e-markets,Overdue,Jennifer Craig MD,2024-08-06,,Low,56882.78,19686.61,59.97,Low
Mclaughlin Ltd,architect out-of-the-box applications,Completed,Barry Washington,2024-08-06,2024-07-14,High,56882.78,19686.61,59.97,Medium
Mclaughlin Ltd,iterate end-to-end convergence,In Progress,Raymond Compton,2024-08-06,,Medium,56882.78,19686.61,59.97,High
Aguilar-Harrison,seize best-of-breed technologies,In Progress,Edward Holt,2024-08-06,,High,56136.58,40253.41,46.02,Medium
Aguilar-Harrison,optimize turn-key web-readiness,Completed,Barbara Cunningham,2024-08-06,2024-06-19,High,56136.58,40253.41,46.02,Low
Aguilar-Harrison,incubate cross-platform models,Completed,Jamie Drake,2024-08-06,2024-06-16,Low,56136.58,40253.41,46.02,High
Aguilar-Harrison,harness synergistic metrics,Completed,Meredith Sanders,2024-08-06,2024-07-19,Medium,56136.58,40253.41,46.02,High
Aguilar-Harrison,integrate B2C models,Not Started,Tara Sanchez,2024-08-06,,Low,56136.58,40253.41,46.02,Medium
Aguilar-Harrison,orchestrate efficient systems,Overdue,Leon Green,2024-08-06,,High,56136.58,40253.41,46.02,High
Aguilar-Harrison,architect e-business e-commerce,Completed,Amanda Gillespie,2024-08-06,2024-07-08,High,56136.58,40253.41,46.02,Low
Aguilar-Harrison,engage B2C synergies,Not Started,Aaron Rodriguez,2024-08-06,,High,56136.58,40253.41,46.02,Low
Aguilar-Harrison,syndicate open-source channels,Overdue,Paul Walker,2024-08-06,,High,56136.58,40253.41,46.02,Medium
Aguilar-Harrison,re-contextualize wireless synergies,Not Started,David Ramos,2024-08-06,,Low,56136.58,40253.41,46.02,High
Aguilar-Harrison,scale killer vortals,Not Started,Carol Dominguez,2024-08-06,,Medium,56136.58,40253.41,46.02,Medium
Aguilar-Harrison,synthesize virtual action-items,Overdue,Jane Simmons,2024-08-06,,High,56136.58,40253.41,46.02,High
Aguilar-Harrison,morph global e-markets,In Progress,Marco Curtis,2024-08-06,,High,56136.58,40253.41,46.02,High
Aguilar-Harrison,redefine end-to-end networks,In Progress,Mark Allison,2024-08-06,,Low,56136.58,40253.41,46.02,Low
Aguilar-Harrison,matrix killer e-commerce,In Progress,Xavier Smith,2024-08-06,,High,56136.58,40253.41,46.02,Low
Aguilar-Harrison,disintermediate end-to-end e-tailers,Overdue,Victoria Martin,2024-08-06,,High,56136.58,40253.41,46.02,High
Aguilar-Harrison,deploy integrated relationships,Overdue,Darryl Day,2024-08-06,,Medium,56136.58,40253.41,46.02,High
Aguilar-Harrison,e-enable frictionless platforms,Overdue,Victoria Sanchez,2024-08-06,,High,56136.58,40253.41,46.02,High
"Mason, Andersen and Nelson",leverage interactive technologies,Overdue,Jerry Vazquez,2024-08-06,,High,89692.57,85873.78,60.48,High
"Mason, Andersen and Nelson",innovate rich convergence,Completed,Alicia Williams,2024-08-06,2024-06-09,High,89692.57,85873.78,60.48,High
"Mason, Andersen and Nelson",re-contextualize revolutionary paradigms,Overdue,Jennifer Cummings,2024-08-06,,High,89692.57,85873.78,60.48,Low
"Mason, Andersen and Nelson",iterate open-source applications,In Progress,Gary Harris,2024-08-06,,Medium,89692.57,85873.78,60.48,Medium
"Mason, Andersen and Nelson",generate dynamic markets,Completed,Kimberly Herrera,2024-08-06,2024-07-02,Low,89692.57,85873.78,60.48,High
"Mason, Andersen and Nelson",empower dot-com systems,In Progress,Amanda Brown,2024-08-06,,Low,89692.57,85873.78,60.48,High
"Mason, Andersen and Nelson",deliver front-end e-commerce,In Progress,Carmen Hamilton,2024-08-06,,Low,89692.57,85873.78,60.48,Medium
"Mason, Andersen and Nelson",exploit world-class partnerships,Not Started,Jennifer Bridges MD,2024-08-06,,High,89692.57,85873.78,60.48,High
"Mason, Andersen and Nelson",productize revolutionary infrastructures,In Progress,Dominic Walton,2024-08-06,,Low,89692.57,85873.78,60.48,High
"Mason, Andersen and Nelson",leverage granular methodologies,In Progress,Mrs. Mary George MD,2024-08-06,,Medium,89692.57,85873.78,60.48,High
"Mason, Andersen and Nelson",whiteboard value-added e-services,Completed,Wesley Perez,2024-08-06,2024-07-07,High,89692.57,85873.78,60.48,High
"Mason, Andersen and Nelson",architect global infrastructures,Overdue,Nicole Smith,2024-08-06,,Medium,89692.57,85873.78,60.48,Medium
"Mason, Andersen and Nelson",enhance killer networks,Completed,William Lucas,2024-08-06,2024-08-01,High,89692.57,85873.78,60.48,Low
"Mason, Andersen and Nelson",mesh viral systems,Overdue,Melissa Carter,2024-08-06,,High,89692.57,85873.78,60.48,Low
"Mason, Andersen and Nelson",streamline seamless users,In Progress,Randy Lowe,2024-08-06,,High,89692.57,85873.78,60.48,Low
"Mason, Andersen and Nelson",scale dynamic technologies,In Progress,Mr. Ray Taylor Jr.,2024-08-06,,Medium,89692.57,85873.78,60.48,Low
"Mason, Andersen and Nelson",iterate best-of-breed users,In Progress,Sergio Porter,2024-08-06,,Medium,89692.57,85873.78,60.48,Low
"Mason, Andersen and Nelson",orchestrate cross-platform info-mediaries,Overdue,Jason Martin,2024-08-06,,High,89692.57,85873.78,60.48,High
Roberson Inc,maximize ubiquitous channels,In Progress,Hannah Chambers,2024-08-06,,Medium,61802.76,2503.9,41.02,Medium
Roberson Inc,incubate open-source architectures,Completed,Kimberly Clark,2024-08-06,2024-07-16,Medium,61802.76,2503.9,41.02,Low
Roberson Inc,utilize compelling platforms,In Progress,Emily Morgan,2024-08-06,,High,61802.76,2503.9,41.02,Low
Roberson Inc,seize front-end eyeballs,Not Started,David Maynard,2024-08-06,,High,61802.76,2503.9,41.02,High
Roberson Inc,benchmark turn-key solutions,In Progress,Victor Key,2024-08-06,,Low,61802.76,2503.9,41.02,Low
Roberson Inc,re-intermediate dot-com markets,Not Started,Dawn Lopez,2024-08-06,,High,61802.76,2503.9,41.02,Low
Roberson Inc,leverage proactive portals,Completed,Michael Hansen,2024-08-06,2024-06-16,High,61802.76,2503.9,41.02,High
Roberson Inc,reinvent efficient content,In Progress,Timothy Baldwin,2024-08-06,,Medium,61802.76,2503.9,41.02,Low
Roberson Inc,benchmark killer niches,Overdue,Vanessa Moyer,2024-08-06,,High,61802.76,2503.9,41.02,High
Roberson Inc,envisioneer innovative initiatives,Completed,Andrew King,2024-08-06,2024-06-17,Low,61802.76,2503.9,41.02,High
Roberson Inc,benchmark viral paradigms,Completed,Lisa Baker,2024-08-06,2024-07-09,Low,61802.76,2503.9,41.02,High
Roberson Inc,harness B2C ROI,Overdue,Joel Davis,2024-08-06,,High,61802.76,2503.9,41.02,Medium
Roberson Inc,expedite bleeding-edge e-business,Overdue,Sarah Henderson,2024-08-06,,Medium,61802.76,2503.9,41.02,Low
Roberson Inc,utilize impactful communities,In Progress,Melanie Ruiz,2024-08-06,,Low,61802.76,2503.9,41.02,Low
Roberson Inc,strategize customized communities,Not Started,Melody Hale,2024-08-06,,Medium,61802.76,2503.9,41.02,High
Roberson Inc,architect viral models,Not Started,Gary Sawyer,2024-08-06,,High,61802.76,2503.9,41.02,Low
Roberson Inc,unleash integrated experiences,Overdue,Sandra Lewis,2024-08-06,,Medium,61802.76,2503.9,41.02,Low
Roberson Inc,redefine cross-media eyeballs,Overdue,Anthony Jones,2024-08-06,,Medium,61802.76,2503.9,41.02,Low
Smith-Sanchez,seize scalable technologies,Completed,Melvin Miller,2024-08-06,2024-08-03,High,44449.19,27238.37,61.23,High
Smith-Sanchez,mesh holistic networks,In Progress,Jason Miller,2024-08-06,,High,44449.19,27238.37,61.23,Medium
Smith-Sanchez,leverage rich methodologies,Not Started,Miguel Frye,2024-08-06,,Low,44449.19,27238.37,61.23,Low
Smith-Sanchez,enhance scalable web-readiness,Completed,Hector Simmons,2024-08-06,2024-06-24,Medium,44449.19,27238.37,61.23,Medium
Smith-Sanchez,facilitate next-generation markets,Not Started,Christian Burnett,2024-08-06,,High,44449.19,27238.37,61.23,High
Smith-Sanchez,enable intuitive action-items,In Progress,Elizabeth Peterson,2024-08-06,,Low,44449.19,27238.37,61.23,High
Smith-Sanchez,benchmark synergistic web services,Completed,Erik Mclaughlin,2024-08-06,2024-07-01,High,44449.19,27238.37,61.23,High
Smith-Sanchez,revolutionize customized e-markets,Completed,Brittney Brown,2024-08-06,2024-07-08,Low,44449.19,27238.37,61.23,Low
Smith-Sanchez,harness vertical e-commerce,Not Started,Andre Clark,2024-08-06,,Low,44449.19,27238.37,61.23,Medium
Smith-Sanchez,embrace distributed markets,Completed,Kevin Harper,2024-08-06,2024-07-13,Low,44449.19,27238.37,61.23,High
Smith-Sanchez,grow extensible mindshare,Not Started,Brittany Whitney,2024-08-06,,Low,44449.19,27238.37,61.23,Low
Smith-Sanchez,harness viral e-services,Not Started,Miss Jessica Coleman,2024-08-06,,Low,44449.19,27238.37,61.23,Low
Smith-Sanchez,synergize viral methodologies,Completed,Margaret Key,2024-08-06,2024-06-25,Medium,44449.19,27238.37,61.23,Medium
Smith-Sanchez,reinvent turn-key deliverables,In Progress,Cameron Garrison,2024-08-06,,Medium,44449.19,27238.37,61.23,Medium
Smith-Sanchez,utilize end-to-end markets,Overdue,Cory Miller,2024-08-06,,Medium,44449.19,27238.37,61.23,Low
Smith-Sanchez,scale e-business technologies,Overdue,Victoria Jimenez,2024-08-06,,Low,44449.19,27238.37,61.23,Low
Smith-Sanchez,scale holistic experiences,Not Started,Sarah Brown,2024-08-06,,Low,44449.19,27238.37,61.23,Medium
Smith-Sanchez,transition turn-key content,Not Started,Walter Thompson,2024-08-06,,High,44449.19,27238.37,61.23,High
Gross-Newman,streamline turn-key supply-chains,In Progress,Jordan Johnson,2024-08-06,,High,40039.42,23186.41,29.6,Low
Gross-Newman,mesh world-class e-business,Completed,Luke Howell,2024-08-06,2024-06-07,Medium,40039.42,23186.41,29.6,High
Gross-Newman,streamline customized channels,In Progress,Jessica Warner,2024-08-06,,Low,40039.42,23186.41,29.6,Low
Gross-Newman,empower plug-and-play info-mediaries,Overdue,Peter Haas,2024-08-06,,Medium,40039.42,23186.41,29.6,Low
Gross-Newman,unleash cross-media models,In Progress,Gregory Tanner,2024-08-06,,Medium,40039.42,23186.41,29.6,High
Gross-Newman,strategize integrated systems,Not Started,Justin Williams,2024-08-06,,Medium,40039.42,23186.41,29.6,Low
Gross-Newman,expedite 24/365 architectures,Completed,Peter Carter,2024-08-06,2024-06-08,High,40039.42,23186.41,29.6,Low
Gross-Newman,enable out-of-the-box solutions,Overdue,Ana Smith,2024-08-06,,Medium,40039.42,23186.41,29.6,Medium
Gross-Newman,facilitate cross-media markets,In Progress,Paul Sanders,2024-08-06,,High,40039.42,23186.41,29.6,High
Gross-Newman,generate distributed partnerships,In Progress,Nicole Martin,2024-08-06,,Low,40039.42,23186.41,29.6,Medium
Gross-Newman,envisioneer 24/365 action-items,Not Started,Michael Gonzalez,2024-08-06,,Low,40039.42,23186.41,29.6,Low
Gross-Newman,syndicate enterprise markets,Not Started,Brian Edwards,2024-08-06,,High,40039.42,23186.41,29.6,Low
Gross-Newman,empower 24/7 e-tailers,Completed,April Hill,2024-08-06,2024-07-23,Medium,40039.42,23186.41,29.6,Low
Gross-Newman,aggregate bricks-and-clicks platforms,Not Started,Brianna Vang,2024-08-06,,High,40039.42,23186.41,29.6,High
Gross-Newman,morph killer e-markets,Overdue,Brandon Fisher,2024-08-06,,Medium,40039.42,23186.41,29.6,High
Gross-Newman,scale efficient architectures,Overdue,Lindsey Taylor,2024-08-06,,Medium,40039.42,23186.41,29.6,Medium
Gross-Newman,monetize ubiquitous channels,Overdue,Travis Wells,2024-08-06,,Medium,40039.42,23186.41,29.6,Medium
Gross-Newman,brand robust interfaces,Not Started,Robert Scott,2024-08-06,,Medium,40039.42,23186.41,29.6,High
Diaz-Rios,incentivize vertical bandwidth,Overdue,Angela Steele,2024-08-06,,High,32770.57,4784.26,82.85,High
Diaz-Rios,utilize cross-media interfaces,Completed,Michael Roberts,2024-08-06,2024-06-28,High,32770.57,4784.26,82.85,High
Diaz-Rios,optimize innovative e-tailers,Completed,Robert Crosby,2024-08-06,2024-07-05,High,32770.57,4784.26,82.85,Low
Diaz-Rios,whiteboard customized partnerships,Not Started,Joshua Bennett,2024-08-06,,Low,32770.57,4784.26,82.85,High
Diaz-Rios,aggregate revolutionary eyeballs,Completed,Lisa Livingston,2024-08-06,2024-07-10,Medium,32770.57,4784.26,82.85,Medium
Diaz-Rios,generate leading-edge channels,Completed,Angie Cole,2024-08-06,2024-07-13,Medium,32770.57,4784.26,82.85,Low
Diaz-Rios,deploy out-of-the-box content,In Progress,Anthony Hebert,2024-08-06,,High,32770.57,4784.26,82.85,High
Diaz-Rios,orchestrate customized users,In Progress,Heather Lynn,2024-08-06,,Low,32770.57,4784.26,82.85,High
Diaz-Rios,utilize world-class content,In Progress,Robert Nash,2024-08-06,,Medium,32770.57,4784.26,82.85,Low
Diaz-Rios,benchmark global supply-chains,Overdue,Stacey Paul,2024-08-06,,High,32770.57,4784.26,82.85,Low
Diaz-Rios,embrace B2C ROI,Not Started,Renee Thomas,2024-08-06,,Low,32770.57,4784.26,82.85,Low
Diaz-Rios,architect one-to-one eyeballs,Not Started,Zachary Johnston,2024-08-06,,Low,32770.57,4784.26,82.85,Medium
Diaz-Rios,monetize web-enabled eyeballs,In Progress,Tiffany Ortega,2024-08-06,,Medium,32770.57,4784.26,82.85,Medium
Diaz-Rios,re-contextualize distributed deliverables,Completed,Wayne Barnes,2024-08-06,2024-06-27,High,32770.57,4784.26,82.85,Low
Diaz-Rios,morph turn-key experiences,In Progress,Gina Harmon,2024-08-06,,Medium,32770.57,4784.26,82.85,High
Diaz-Rios,iterate rich e-business,Not Started,Dr. Ricky Shannon MD,2024-08-06,,High,32770.57,4784.26,82.85,Medium
Diaz-Rios,seize leading-edge deliverables,In Progress,Lauren Cohen,2024-08-06,,Medium,32770.57,4784.26,82.85,High
Diaz-Rios,seize synergistic eyeballs,Overdue,Kristopher Romero,2024-08-06,,High,32770.57,4784.26,82.85,Low
Conrad PLC,empower plug-and-play channels,Not Started,Amanda Orozco,2024-08-06,,Low,18308.19,1834.55,81.21,High
Conrad PLC,synthesize world-class communities,Overdue,Kristin Green,2024-08-06,,Low,18308.19,1834.55,81.21,High
Conrad PLC,reinvent mission-critical experiences,Overdue,David Thomas,2024-08-06,,Medium,18308.19,1834.55,81.21,Low
Conrad PLC,disintermediate distributed channels,Overdue,Kevin Smith,2024-08-06,,Low,18308.19,1834.55,81.21,Low
Conrad PLC,scale synergistic info-mediaries,Not Started,Victor Pope II,2024-08-06,,Low,18308.19,1834.55,81.21,High
Conrad PLC,revolutionize proactive interfaces,Overdue,Tracy Terry,2024-08-06,,Medium,18308.19,1834.55,81.21,Medium
Conrad PLC,revolutionize plug-and-play action-items,Not Started,Joseph Johnson,2024-08-06,,Medium,18308.19,1834.55,81.21,High
Conrad PLC,re-contextualize web-enabled e-business,Overdue,Juan Blair,2024-08-06,,Low,18308.19,1834.55,81.21,Medium
Conrad PLC,deploy global relationships,Not Started,Christopher Arnold,2024-08-06,,Low,18308.19,1834.55,81.21,High
Conrad PLC,engineer global schemas,In Progress,Chelsea Hines,2024-08-06,,High,18308.19,1834.55,81.21,High
Conrad PLC,brand web-enabled e-markets,In Progress,John Lewis,2024-08-06,,Medium,18308.19,1834.55,81.21,High
Conrad PLC,target transparent platforms,Overdue,Alec Larsen,2024-08-06,,Low,18308.19,1834.55,81.21,Medium
Conrad PLC,enable scalable eyeballs,Overdue,Theresa Newman,2024-08-06,,Medium,18308.19,1834.55,81.21,Low
Conrad PLC,transition granular users,In Progress,William Gordon,2024-08-06,,Low,18308.19,1834.55,81.21,Medium
Conrad PLC,incentivize web-enabled partnerships,In Progress,Richard Brown,2024-08-06,,Medium,18308.19,1834.55,81.21,High
Conrad PLC,incentivize intuitive e-tailers,In Progress,Jade Gonzalez,2024-08-06,,Medium,18308.19,1834.55,81.21,High
Conrad PLC,syndicate leading-edge markets,Not Started,Benjamin Williams,2024-08-06,,Medium,18308.19,1834.55,81.21,Medium
Conrad PLC,maximize ubiquitous niches,Completed,Donald Vasquez,2024-08-06,2024-07-27,Low,18308.19,1834.55,81.21,Low
"Hill, Martinez and Bell",drive magnetic applications,Completed,Tammy Gray,2024-08-06,2024-07-11,Medium,16324.9,3167.82,39.49,Medium
"Hill, Martinez and Bell",enhance robust eyeballs,Completed,Matthew Sanders,2024-08-06,2024-06-09,High,16324.9,3167.82,39.49,Medium
"Hill, Martinez and Bell",orchestrate cross-media deliverables,In Progress,Kyle Mayer,2024-08-06,,High,16324.9,3167.82,39.49,Medium
"Hill, Martinez and Bell",utilize clicks-and-mortar supply-chains,Not Started,David Foster,2024-08-06,,Medium,16324.9,3167.82,39.49,Medium
"Hill, Martinez and Bell",cultivate e-business technologies,Completed,Randall Goodman,2024-08-06,2024-07-01,Medium,16324.9,3167.82,39.49,Low
"Hill, Martinez and Bell",brand seamless mindshare,In Progress,Jason Stewart,2024-08-06,,Medium,16324.9,3167.82,39.49,Low
"Hill, Martinez and Bell",transform revolutionary interfaces,In Progress,Michael Hamilton,2024-08-06,,Medium,16324.9,3167.82,39.49,Low
"Hill, Martinez and Bell",reinvent cutting-edge channels,Overdue,Angela Freeman,2024-08-06,,High,16324.9,3167.82,39.49,Medium
"Hill, Martinez and Bell",e-enable interactive architectures,In Progress,Justin Sims,2024-08-06,,High,16324.9,3167.82,39.49,High
"Hill, Martinez and Bell",utilize sticky platforms,In Progress,Anna Wiley,2024-08-06,,Medium,16324.9,3167.82,39.49,High
"Hill, Martinez and Bell",deliver mission-critical infrastructures,Completed,John Crawford,2024-08-06,2024-06-21,High,16324.9,3167.82,39.49,Low
"Hill, Martinez and Bell",whiteboard distributed methodologies,Completed,Amanda Simpson,2024-08-06,2024-06-13,Low,16324.9,3167.82,39.49,High
"Hill, Martinez and Bell",reinvent real-time experiences,Completed,Timothy Gonzalez,2024-08-06,2024-07-16,Medium,16324.9,3167.82,39.49,Low
"Hill, Martinez and Bell",innovate dynamic relationships,Completed,Marcia Browning,2024-08-06,2024-06-11,Low,16324.9,3167.82,39.49,Low
"Hill, Martinez and Bell",evolve interactive e-business,In Progress,Deborah Smith,2024-08-06,,Medium,16324.9,3167.82,39.49,High
"Hill, Martinez and Bell",harness transparent networks,Not Started,Matthew Armstrong,2024-08-06,,Low,16324.9,3167.82,39.49,Medium
"Hill, Martinez and Bell",leverage next-generation e-commerce,Not Started,Ruth Benson,2024-08-06,,Medium,16324.9,3167.82,39.49,Low
"Hill, Martinez and Bell",disintermediate bleeding-edge technologies,Not Started,Brian Wagner PhD,2024-08-06,,Medium,16324.9,3167.82,39.49,Medium
"Simpson, Vaughn and Tran",disintermediate turn-key e-commerce,In Progress,John Baker,2024-08-06,,High,42457.1,23135.35,43.0,Low
"Simpson, Vaughn and Tran",envisioneer back-end solutions,In Progress,Jonathan Gregory,2024-08-06,,Low,42457.1,23135.35,43.0,Low
"Simpson, Vaughn and Tran",extend compelling web services,In Progress,Kayla Frazier,2024-08-06,,Low,42457.1,23135.35,43.0,Low
"Simpson, Vaughn and Tran",optimize seamless channels,In Progress,Michelle Curry,2024-08-06,,High,42457.1,23135.35,43.0,Low
"Simpson, Vaughn and Tran",enhance customized metrics,In Progress,Derek Leach,2024-08-06,,Low,42457.1,23135.35,43.0,Medium
"Simpson, Vaughn and Tran",revolutionize 24/365 e-commerce,In Progress,Melinda Taylor,2024-08-06,,High,42457.1,23135.35,43.0,Low
"Simpson, Vaughn and Tran",whiteboard one-to-one synergies,Completed,Lauren Herrera,2024-08-06,2024-06-22,Low,42457.1,23135.35,43.0,Low
"Simpson, Vaughn and Tran",redefine B2C niches,In Progress,Jennifer Johnson,2024-08-06,,Medium,42457.1,23135.35,43.0,Low
"Simpson, Vaughn and Tran",matrix real-time vortals,Not Started,Nancy Crawford,2024-08-06,,Low,42457.1,23135.35,43.0,Medium
"Simpson, Vaughn and Tran",syndicate one-to-one architectures,Not Started,Susan Jones,2024-08-06,,Low,42457.1,23135.35,43.0,Low
"Simpson, Vaughn and Tran",whiteboard cross-media mindshare,Overdue,William Allen,2024-08-06,,High,42457.1,23135.35,43.0,Medium
"Simpson, Vaughn and Tran",incentivize out-of-the-box models,Overdue,Laura Woods,2024-08-06,,Medium,42457.1,23135.35,43.0,High
"Simpson, Vaughn and Tran",harness B2B technologies,Overdue,Michael Rodriguez,2024-08-06,,Medium,42457.1,23135.35,43.0,Medium
"Simpson, Vaughn and Tran",integrate end-to-end partnerships,Overdue,Chad Garcia,2024-08-06,,Medium,42457.1,23135.35,43.0,High
"Simpson, Vaughn and Tran",optimize plug-and-play channels,In Progress,Joseph Campbell,2024-08-06,,Medium,42457.1,23135.35,43.0,High
"Simpson, Vaughn and Tran",cultivate B2B initiatives,In Progress,John Dickson,2024-08-06,,High,42457.1,23135.35,43.0,Medium
"Simpson, Vaughn and Tran",leverage compelling models,In Progress,Nicholas Wang,2024-08-06,,Medium,42457.1,23135.35,43.0,High
"Simpson, Vaughn and Tran",drive revolutionary technologies,In Progress,Tracy Campbell,2024-08-06,,Medium,42457.1,23135.35,43.0,Low
"Page, Douglas and Cunningham",target turn-key functionalities,Overdue,Stephen Baker,2024-08-06,,High,81075.54,68741.35,32.25,Low
"Page, Douglas and Cunningham",revolutionize 24/7 experiences,Overdue,Christian King,2024-08-06,,Medium,81075.54,68741.35,32.25,Medium
"Page, Douglas and Cunningham",unleash transparent experiences,Completed,Ann Hansen,2024-08-06,2024-07-25,Medium,81075.54,68741.35,32.25,High
"Page, Douglas and Cunningham",architect front-end applications,Completed,Jeff Hensley,2024-08-06,2024-06-22,High,81075.54,68741.35,32.25,High
"Page, Douglas and Cunningham",visualize visionary solutions,In Progress,Thomas Harris,2024-08-06,,Medium,81075.54,68741.35,32.25,Low
"Page, Douglas and Cunningham",synergize efficient technologies,In Progress,Lisa Morse,2024-08-06,,Medium,81075.54,68741.35,32.25,Low
"Page, Douglas and Cunningham",redefine clicks-and-mortar bandwidth,Not Started,Maria Hunter,2024-08-06,,High,81075.54,68741.35,32.25,High
"Page, Douglas and Cunningham",streamline holistic users,Not Started,Allen Carter,2024-08-06,,Medium,81075.54,68741.35,32.25,Low
"Page, Douglas and Cunningham",deliver end-to-end applications,In Progress,Devin Berry,2024-08-06,,High,81075.54,68741.35,32.25,Medium
"Page, Douglas and Cunningham",generate one-to-one experiences,Overdue,Cheryl Hamilton,2024-08-06,,High,81075.54,68741.35,32.25,Low
"Page, Douglas and Cunningham",incentivize bleeding-edge schemas,Not Started,Felicia Cherry,2024-08-06,,Medium,81075.54,68741.35,32.25,Medium
"Page, Douglas and Cunningham",reinvent B2C functionalities,In Progress,Connor Mason,2024-08-06,,High,81075.54,68741.35,32.25,High
"Page, Douglas and Cunningham",embrace best-of-breed interfaces,Not Started,Hannah Riggs,2024-08-06,,Medium,81075.54,68741.35,32.25,Low
"Page, Douglas and Cunningham",enable compelling niches,Overdue,Bradley Edwards,2024-08-06,,Low,81075.54,68741.35,32.25,Low
"Page, Douglas and Cunningham",cultivate 24/365 web-readiness,In Progress,Amy Warren,2024-08-06,,High,81075.54,68741.35,32.25,Medium
"Page, Douglas and Cunningham",target end-to-end markets,Overdue,Victor Howe,2024-08-06,,Medium,81075.54,68741.35,32.25,Low
"Page, Douglas and Cunningham",deliver clicks-and-mortar content,Overdue,Ashley David,2024-08-06,,Low,81075.54,68741.35,32.25,Medium
"Page, Douglas and Cunningham",morph efficient users,Overdue,Paul Chandler,2024-08-06,,Medium,81075.54,68741.35,32.25,High
"Bryan, Hall and Lopez",target back-end initiatives,Completed,Angela Gutierrez,2024-08-06,2024-06-16,Low,59847.6,18940.72,69.33,Low
"Bryan, Hall and Lopez",extend sticky methodologies,In Progress,Rebecca Jennings,2024-08-06,,Low,59847.6,18940.72,69.33,High
"Bryan, Hall and Lopez",monetize interactive channels,Not Started,Michelle Parker,2024-08-06,,High,59847.6,18940.72,69.33,High
"Bryan, Hall and Lopez",maximize out-of-the-box methodologies,Overdue,Larry Cook,2024-08-06,,Low,59847.6,18940.72,69.33,Medium
"Bryan, Hall and Lopez",productize cross-media niches,Not Started,Megan Wright,2024-08-06,,Medium,59847.6,18940.72,69.33,Low
"Bryan, Hall and Lopez",unleash dynamic e-markets,Overdue,Michelle Hall,2024-08-06,,Low,59847.6,18940.72,69.33,Low
"Bryan, Hall and Lopez",redefine collaborative markets,Not Started,William Martin,2024-08-06,,High,59847.6,18940.72,69.33,High
"Bryan, Hall and Lopez",exploit customized content,In Progress,Louis Stout,2024-08-06,,High,59847.6,18940.72,69.33,Medium
"Bryan, Hall and Lopez",synergize strategic markets,Not Started,Patricia Stewart,2024-08-06,,Low,59847.6,18940.72,69.33,Low
"Bryan, Hall and Lopez",enhance customized e-commerce,In Progress,Robert Anderson,2024-08-06,,High,59847.6,18940.72,69.33,High
"Bryan, Hall and Lopez",harness revolutionary e-business,Overdue,Brian Armstrong,2024-08-06,,High,59847.6,18940.72,69.33,Low
"Bryan, Hall and Lopez",drive wireless ROI,In Progress,Paul Williams,2024-08-06,,Low,59847.6,18940.72,69.33,Medium
"Bryan, Hall and Lopez",re-intermediate impactful paradigms,In Progress,Jasmine Thompson,2024-08-06,,Low,59847.6,18940.72,69.33,High
"Bryan, Hall and Lopez",enhance compelling deliverables,Overdue,Jeanette Ramos,2024-08-06,,High,59847.6,18940.72,69.33,High
"Bryan, Hall and Lopez",cultivate bricks-and-clicks action-items,In Progress,Ryan Adams,2024-08-06,,Medium,59847.6,18940.72,69.33,Medium
"Bryan, Hall and Lopez",reinvent user-centric models,Not Started,Brittany Nelson,2024-08-06,,Low,59847.6,18940.72,69.33,Medium
"Bryan, Hall and Lopez",incentivize sticky metrics,In Progress,Maria Bauer,2024-08-06,,High,59847.6,18940.72,69.33,Medium
"Bryan, Hall and Lopez",iterate plug-and-play synergies,Completed,Peter Ball,2024-08-06,2024-07-26,Low,59847.6,18940.72,69.33,Medium
Warren and Sons,empower wireless partnerships,Overdue,Benjamin Johnson,2024-08-06,,High,14667.49,11128.58,29.8,High
Warren and Sons,matrix transparent architectures,Not Started,Mr. Gregory Jimenez,2024-08-06,,Low,14667.49,11128.58,29.8,Low
Warren and Sons,embrace global supply-chains,Not Started,Joseph Walsh,2024-08-06,,Low,14667.49,11128.58,29.8,Low
Warren and Sons,syndicate back-end experiences,In Progress,Linda Watson,2024-08-06,,Medium,14667.49,11128.58,29.8,High
Warren and Sons,target dot-com systems,Overdue,Charles Mcneil,2024-08-06,,Low,14667.49,11128.58,29.8,Medium
Warren and Sons,reinvent mission-critical models,Overdue,Jose Schroeder,2024-08-06,,Low,14667.49,11128.58,29.8,Low
Warren and Sons,incentivize turn-key platforms,In Progress,Pamela Hayden,2024-08-06,,Medium,14667.49,11128.58,29.8,Medium
Warren and Sons,streamline dot-com ROI,Not Started,Jose Skinner MD,2024-08-06,,Low,14667.49,11128.58,29.8,Medium
Warren and Sons,monetize out-of-the-box experiences,Completed,Andrea Aguilar,2024-08-06,2024-06-17,Medium,14667.49,11128.58,29.8,Medium
Warren and Sons,integrate magnetic action-items,Overdue,Oscar Nguyen,2024-08-06,,High,14667.49,11128.58,29.8,Low
Warren and Sons,enable strategic eyeballs,Completed,Alexandra Adams,2024-08-06,2024-08-03,High,14667.49,11128.58,29.8,Medium
Warren and Sons,utilize clicks-and-mortar methodologies,Not Started,Bruce Hansen,2024-08-06,,Low,14667.49,11128.58,29.8,High
Warren and Sons,exploit 24/7 technologies,Overdue,Stephanie Wilkerson,2024-08-06,,High,14667.49,11128.58,29.8,Medium
Warren and Sons,leverage one-to-one partnerships,Overdue,Amy Barron,2024-08-06,,Low,14667.49,11128.58,29.8,High
Warren and Sons,envisioneer innovative e-tailers,Not Started,Joshua Lin,2024-08-06,,Medium,14667.49,11128.58,29.8,Low
Warren and Sons,facilitate visionary bandwidth,Not Started,Charles Cunningham,2024-08-06,,Medium,14667.49,11128.58,29.8,Medium
Warren and Sons,reinvent real-time networks,Not Started,Ann Sosa,2024-08-06,,High,14667.49,11128.58,29.8,High
Warren and Sons,deliver extensible experiences,Overdue,Brittany Moore,2024-08-06,,High,14667.49,11128.58,29.8,Medium
"Nguyen, Ruiz and Torres",target wireless users,Overdue,Teresa Allen,2024-08-06,,High,53147.65,41536.74,91.74,Low
"Nguyen, Ruiz and Torres",target killer e-tailers,In Progress,Kimberly Ramirez,2024-08-06,,Medium,53147.65,41536.74,91.74,Medium
"Nguyen, Ruiz and Torres",synergize cutting-edge interfaces,In Progress,Kimberly Griffin,2024-08-06,,Low,53147.65,41536.74,91.74,High
"Nguyen, Ruiz and Torres",incubate magnetic e-services,Not Started,Angela Cobb,2024-08-06,,Medium,53147.65,41536.74,91.74,Low
"Nguyen, Ruiz and Torres",matrix 24/365 infrastructures,Completed,Alisha Johnson,2024-08-06,2024-07-27,High,53147.65,41536.74,91.74,Low
"Nguyen, Ruiz and Torres",benchmark cross-platform communities,Not Started,Claire Robinson,2024-08-06,,Low,53147.65,41536.74,91.74,High
"Nguyen, Ruiz and Torres",embrace bleeding-edge architectures,Not Started,Claire Frazier,2024-08-06,,High,53147.65,41536.74,91.74,Low
"Nguyen, Ruiz and Torres",productize robust applications,Not Started,Sarah Dickson,2024-08-06,,Low,53147.65,41536.74,91.74,Low
"Nguyen, Ruiz and Torres",orchestrate transparent e-markets,Overdue,Sandra Escobar,2024-08-06,,Medium,53147.65,41536.74,91.74,Low
"Nguyen, Ruiz and Torres",benchmark holistic synergies,Completed,Jeffery Phillips,2024-08-06,2024-07-20,Medium,53147.65,41536.74,91.74,Medium
"Nguyen, Ruiz and Torres",engineer granular info-mediaries,Not Started,Jennifer Santos,2024-08-06,,Medium,53147.65,41536.74,91.74,Low
"Nguyen, Ruiz and Torres",implement seamless niches,In Progress,David Lee,2024-08-06,,High,53147.65,41536.74,91.74,Low
"Nguyen, Ruiz and Torres",repurpose e-business initiatives,Overdue,George Clark,2024-08-06,,High,53147.65,41536.74,91.74,Low
"Nguyen, Ruiz and Torres",implement mission-critical synergies,In Progress,Kelly Goodwin,2024-08-06,,Low,53147.65,41536.74,91.74,High
"Nguyen, Ruiz and Torres",streamline cutting-edge metrics,Overdue,Shannon Keller,2024-08-06,,Medium,53147.65,41536.74,91.74,High
"Nguyen, Ruiz and Torres",deploy global platforms,Completed,Justin Ferguson,2024-08-06,2024-07-01,Low,53147.65,41536.74,91.74,High
"Nguyen, Ruiz and Torres",leverage next-generation networks,Not Started,Kenneth Alvarez,2024-08-06,,High,53147.65,41536.74,91.74,Medium
"Nguyen, Ruiz and Torres",aggregate enterprise e-business,Overdue,Wayne Collins,2024-08-06,,Low,53147.65,41536.74,91.74,High
Bean Ltd,repurpose end-to-end e-services,In Progress,Patricia Porter,2024-08-06,,High,27575.85,20688.53,92.62,High
Bean Ltd,cultivate bricks-and-clicks relationships,In Progress,Edward Robinson,2024-08-06,,Medium,27575.85,20688.53,92.62,High
Bean Ltd,transform collaborative supply-chains,In Progress,Regina Cox,2024-08-06,,High,27575.85,20688.53,92.62,High
Bean Ltd,matrix bleeding-edge experiences,Completed,Michael Sherman,2024-08-06,2024-07-08,Low,27575.85,20688.53,92.62,Low
Bean Ltd,scale turn-key niches,In Progress,Mia Jordan,2024-08-06,,Low,27575.85,20688.53,92.62,High
Bean Ltd,utilize robust convergence,Overdue,Ross Ward,2024-08-06,,Low,27575.85,20688.53,92.62,High
Bean Ltd,incubate end-to-end models,Completed,Victoria Moore,2024-08-06,2024-07-08,High,27575.85,20688.53,92.62,Low
Bean Ltd,implement extensible action-items,In Progress,Christina Shaw,2024-08-06,,Medium,27575.85,20688.53,92.62,Low
Bean Ltd,enhance dynamic mindshare,Completed,Casey Meyer,2024-08-06,2024-07-16,High,27575.85,20688.53,92.62,Low
Bean Ltd,e-enable turn-key synergies,Not Started,Angel Chung,2024-08-06,,Medium,27575.85,20688.53,92.62,Medium
Bean Ltd,evolve clicks-and-mortar infrastructures,In Progress,Ms. Tina Hayes,2024-08-06,,Low,27575.85,20688.53,92.62,Low
Bean Ltd,target cutting-edge networks,Not Started,Jenna Allen,2024-08-06,,Low,27575.85,20688.53,92.62,Low
Bean Ltd,re-intermediate impactful initiatives,Not Started,Robert Meadows,2024-08-06,,Low,27575.85,20688.53,92.62,Medium
Bean Ltd,revolutionize visionary applications,Completed,Mark Edwards,2024-08-06,2024-06-28,High,27575.85,20688.53,92.62,Medium
Bean Ltd,exploit end-to-end applications,In Progress,Judy Hutchinson,2024-08-06,,Low,27575.85,20688.53,92.62,Medium
Bean Ltd,repurpose one-to-one interfaces,Not Started,William Knapp,2024-08-06,,High,27575.85,20688.53,92.62,Medium
Bean Ltd,harness efficient web services,Completed,Morgan Clark,2024-08-06,2024-06-20,High,27575.85,20688.53,92.62,Medium
Bean Ltd,empower impactful niches,Completed,Troy Gregory,2024-08-06,2024-07-23,High,27575.85,20688.53,92.62,Low
Cline Group,aggregate user-centric solutions,Not Started,Bruce Crawford,2024-08-06,,Low,16402.53,9871.45,62.99,Medium
Cline Group,integrate visionary markets,Completed,Joseph Rivera,2024-08-06,2024-06-15,High,16402.53,9871.45,62.99,Low
Cline Group,disintermediate impactful partnerships,Overdue,Scott Cross,2024-08-06,,High,16402.53,9871.45,62.99,Low
Cline Group,expedite out-of-the-box web-readiness,Not Started,Dennis Levy,2024-08-06,,Low,16402.53,9871.45,62.99,Medium
Cline Group,incubate distributed action-items,Not Started,Bethany Harrington,2024-08-06,,Low,16402.53,9871.45,62.99,Low
Cline Group,repurpose out-of-the-box content,Not Started,Jaime Palmer,2024-08-06,,High,16402.53,9871.45,62.99,Low
Cline Group,aggregate end-to-end synergies,Not Started,Valerie Hale,2024-08-06,,Low,16402.53,9871.45,62.99,Medium
Cline Group,unleash cross-media web services,Not Started,David Andrews,2024-08-06,,Low,16402.53,9871.45,62.99,High
Cline Group,benchmark mission-critical technologies,Completed,Benjamin Harris,2024-08-06,2024-06-27,Medium,16402.53,9871.45,62.99,High
Cline Group,benchmark efficient e-markets,Overdue,Mary Marks,2024-08-06,,High,16402.53,9871.45,62.99,Medium
Cline Group,cultivate killer mindshare,Not Started,Sarah Lyons,2024-08-06,,Medium,16402.53,9871.45,62.99,Low
Cline Group,engineer best-of-breed communities,In Progress,Rachel Garrett,2024-08-06,,Low,16402.53,9871.45,62.99,High
Cline Group,redefine impactful e-markets,Completed,James Harris,2024-08-06,2024-07-12,High,16402.53,9871.45,62.99,Medium
Cline Group,embrace strategic channels,Completed,Natalie Chambers,2024-08-06,2024-06-22,Medium,16402.53,9871.45,62.99,Medium
Cline Group,scale synergistic metrics,In Progress,Donald Frost,2024-08-06,,High,16402.53,9871.45,62.99,High
Cline Group,streamline end-to-end mindshare,Not Started,Mr. Jose Jones,2024-08-06,,Low,16402.53,9871.45,62.99,Medium
Cline Group,leverage frictionless functionalities,Not Started,Robert Thompson,2024-08-06,,High,16402.53,9871.45,62.99,Medium
Cline Group,repurpose plug-and-play infrastructures,In Progress,Alexander Clark,2024-08-06,,Low,16402.53,9871.45,62.99,Medium
Larson-Wilkins,architect cutting-edge niches,Overdue,Mrs. Brittany Riley DDS,2024-08-06,,High,70168.49,26557.89,68.84,High
Larson-Wilkins,synthesize viral relationships,Completed,Sean Woods,2024-08-06,2024-07-28,Medium,70168.49,26557.89,68.84,High
Larson-Wilkins,strategize open-source convergence,Completed,Sheri Davis,2024-08-06,2024-06-19,Medium,70168.49,26557.89,68.84,High
Larson-Wilkins,benchmark efficient channels,Overdue,Karen Knapp,2024-08-06,,Medium,70168.49,26557.89,68.84,High
Larson-Wilkins,engineer 24/7 interfaces,Overdue,Caitlin Maldonado,2024-08-06,,Low,70168.49,26557.89,68.84,High
Larson-Wilkins,whiteboard enterprise portals,Overdue,Paula Howard,2024-08-06,,Low,70168.49,26557.89,68.84,High
Larson-Wilkins,extend intuitive solutions,Completed,Mary Chapman,2024-08-06,2024-06-22,Low,70168.49,26557.89,68.84,High
Larson-Wilkins,exploit bleeding-edge metrics,Overdue,Jo Johnson,2024-08-06,,Low,70168.49,26557.89,68.84,High
Larson-Wilkins,disintermediate world-class initiatives,Overdue,Mitchell Alvarez,2024-08-06,,Medium,70168.49,26557.89,68.84,Medium
Larson-Wilkins,orchestrate leading-edge methodologies,Not Started,Christopher Spears,2024-08-06,,High,70168.49,26557.89,68.84,Low
Larson-Wilkins,facilitate plug-and-play infrastructures,Overdue,Brian Perkins,2024-08-06,,High,70168.49,26557.89,68.84,Low
Larson-Wilkins,redefine visionary experiences,Completed,Jennifer Bowen,2024-08-06,2024-06-19,High,70168.49,26557.89,68.84,High
Larson-Wilkins,integrate open-source models,In Progress,Brooke May,2024-08-06,,Low,70168.49,26557.89,68.84,Medium
Larson-Wilkins,mesh one-to-one e-markets,Completed,Sheri Peters,2024-08-06,2024-07-11,High,70168.49,26557.89,68.84,Low
Larson-Wilkins,synergize one-to-one systems,Overdue,Jacqueline Hancock,2024-08-06,,Medium,70168.49,26557.89,68.84,Low
Larson-Wilkins,mesh vertical systems,Completed,Stacy Brooks,2024-08-06,2024-07-03,Medium,70168.49,26557.89,68.84,High
Larson-Wilkins,embrace 24/7 models,Completed,Joseph Dalton Jr.,2024-08-06,2024-06-16,High,70168.49,26557.89,68.84,Low
Larson-Wilkins,reinvent leading-edge e-services,In Progress,Scott Smith,2024-08-06,,Low,70168.49,26557.89,68.84,High
Espinoza-Austin,repurpose seamless action-items,In Progress,Mariah Gilbert,2024-08-06,,High,76395.46,29507.2,51.58,High
Espinoza-Austin,mesh sticky supply-chains,Not Started,Jessica Taylor,2024-08-06,,High,76395.46,29507.2,51.58,Low
Espinoza-Austin,repurpose B2B architectures,Completed,Gerald Valdez,2024-08-06,2024-06-11,Low,76395.46,29507.2,51.58,Low
Espinoza-Austin,evolve one-to-one e-markets,Completed,Peter Smith,2024-08-06,2024-06-23,Low,76395.46,29507.2,51.58,Medium
Espinoza-Austin,evolve web-enabled partnerships,In Progress,Miss Tamara Thompson MD,2024-08-06,,High,76395.46,29507.2,51.58,High
Espinoza-Austin,leverage collaborative interfaces,In Progress,Curtis King,2024-08-06,,Low,76395.46,29507.2,51.58,High
Espinoza-Austin,leverage proactive e-tailers,In Progress,Dr. Jason Howell DDS,2024-08-06,,High,76395.46,29507.2,51.58,Medium
Espinoza-Austin,enable magnetic paradigms,Overdue,Jason Oneal,2024-08-06,,Low,76395.46,29507.2,51.58,Medium
Espinoza-Austin,revolutionize efficient e-services,Overdue,Riley Lopez,2024-08-06,,High,76395.46,29507.2,51.58,Low
Espinoza-Austin,morph extensible metrics,Completed,Timothy Fox,2024-08-06,2024-06-22,High,76395.46,29507.2,51.58,Low
Espinoza-Austin,morph next-generation e-business,Completed,William Aguilar,2024-08-06,2024-06-25,Low,76395.46,29507.2,51.58,High
Espinoza-Austin,seize interactive ROI,Completed,Amy Valdez,2024-08-06,2024-06-13,Low,76395.46,29507.2,51.58,High
Espinoza-Austin,synergize intuitive eyeballs,In Progress,Nicholas Miller,2024-08-06,,Medium,76395.46,29507.2,51.58,Low
Espinoza-Austin,exploit magnetic partnerships,Overdue,Cynthia Johnson,2024-08-06,,Low,76395.46,29507.2,51.58,Low
Espinoza-Austin,grow intuitive e-business,Not Started,Charles Richardson,2024-08-06,,High,76395.46,29507.2,51.58,High
Espinoza-Austin,aggregate e-business platforms,In Progress,Kyle Haney,2024-08-06,,Low,76395.46,29507.2,51.58,Medium
Espinoza-Austin,optimize bricks-and-clicks portals,Overdue,Dylan Brown,2024-08-06,,High,76395.46,29507.2,51.58,High
Espinoza-Austin,extend visionary partnerships,Not Started,Todd Cook,2024-08-06,,Medium,76395.46,29507.2,51.58,High
Miller-Berry,unleash dynamic action-items,Not Started,Jason Willis,2024-08-06,,Medium,75768.5,8916.47,95.19,Medium
Miller-Berry,productize synergistic architectures,Completed,Matthew Berger,2024-08-06,2024-06-19,Medium,75768.5,8916.47,95.19,High
Miller-Berry,e-enable scalable methodologies,In Progress,Christina Stokes,2024-08-06,,Low,75768.5,8916.47,95.19,High
Miller-Berry,visualize clicks-and-mortar e-services,Not Started,Kathryn Taylor,2024-08-06,,Low,75768.5,8916.47,95.19,High
Miller-Berry,incentivize transparent supply-chains,In Progress,Jesse Brown,2024-08-06,,High,75768.5,8916.47,95.19,Low
Miller-Berry,transition vertical schemas,Overdue,Albert Chung,2024-08-06,,Medium,75768.5,8916.47,95.19,Medium
Miller-Berry,harness world-class bandwidth,Overdue,Amber Stevens,2024-08-06,,Medium,75768.5,8916.47,95.19,Medium
Miller-Berry,strategize enterprise users,In Progress,Emily Morris,2024-08-06,,High,75768.5,8916.47,95.19,Medium
Miller-Berry,generate transparent initiatives,In Progress,Jamie Gonzalez,2024-08-06,,Low,75768.5,8916.47,95.19,High
Miller-Berry,benchmark magnetic vortals,Overdue,Nicole Meyer,2024-08-06,,High,75768.5,8916.47,95.19,Medium
Miller-Berry,harness transparent experiences,Completed,Julie Nguyen,2024-08-06,2024-07-27,Medium,75768.5,8916.47,95.19,Low
Miller-Berry,exploit granular synergies,Completed,Jessica Nolan,2024-08-06,2024-07-27,Low,75768.5,8916.47,95.19,Medium
Miller-Berry,iterate visionary content,Completed,Cindy Rush,2024-08-06,2024-06-16,Medium,75768.5,8916.47,95.19,Medium
Miller-Berry,empower extensible platforms,In Progress,Stacy Christensen,2024-08-06,,Low,75768.5,8916.47,95.19,Low
Miller-Berry,enhance seamless markets,Not Started,Teresa Williams,2024-08-06,,High,75768.5,8916.47,95.19,High
Miller-Berry,strategize magnetic networks,Not Started,Julia Clarke,2024-08-06,,Low,75768.5,8916.47,95.19,High
Miller-Berry,evolve cross-media infrastructures,Not Started,Molly Suarez,2024-08-06,,Low,75768.5,8916.47,95.19,High
Miller-Berry,cultivate bleeding-edge solutions,Overdue,David Hart,2024-08-06,,High,75768.5,8916.47,95.19,High
Phillips PLC,disintermediate e-business e-commerce,Completed,Lawrence Owens,2024-08-06,2024-08-04,High,32688.28,25416.73,69.48,High
Phillips PLC,optimize rich niches,In Progress,Bradley Hamilton,2024-08-06,,Medium,32688.28,25416.73,69.48,High
Phillips PLC,synergize best-of-breed interfaces,Not Started,Jennifer Collier,2024-08-06,,Low,32688.28,25416.73,69.48,Medium
Phillips PLC,brand enterprise e-services,Overdue,William Sanders,2024-08-06,,High,32688.28,25416.73,69.48,High
Phillips PLC,deploy turn-key functionalities,In Progress,Robert Salinas,2024-08-06,,Low,32688.28,25416.73,69.48,Medium
Phillips PLC,synergize 24/365 interfaces,In Progress,Traci Morris,2024-08-06,,Low,32688.28,25416.73,69.48,Low
Phillips PLC,scale cutting-edge metrics,Overdue,Mr. Eric Collins,2024-08-06,,Low,32688.28,25416.73,69.48,High
Phillips PLC,generate clicks-and-mortar web-readiness,Completed,Michael Boyd,2024-08-06,2024-06-11,High,32688.28,25416.73,69.48,Low
Phillips PLC,transition efficient platforms,Completed,Brittany Singh,2024-08-06,2024-07-11,Medium,32688.28,25416.73,69.48,Low
Phillips PLC,extend distributed interfaces,Overdue,Teresa Haas,2024-08-06,,High,32688.28,25416.73,69.48,Low
Phillips PLC,optimize transparent metrics,In Progress,Sandy Hernandez,2024-08-06,,Low,32688.28,25416.73,69.48,High
Phillips PLC,architect frictionless e-services,Completed,Angela Roberson,2024-08-06,2024-08-02,High,32688.28,25416.73,69.48,High
Phillips PLC,re-intermediate virtual metrics,In Progress,Ana Gardner,2024-08-06,,Low,32688.28,25416.73,69.48,High
Phillips PLC,target innovative initiatives,In Progress,Toni Smith,2024-08-06,,High,32688.28,25416.73,69.48,Low
Phillips PLC,innovate cross-platform eyeballs,Overdue,Melissa Barnes,2024-08-06,,Medium,32688.28,25416.73,69.48,Low
Phillips PLC,syndicate visionary methodologies,Completed,Jonathan James,2024-08-06,2024-07-14,Low,32688.28,25416.73,69.48,High
Phillips PLC,transition transparent eyeballs,Completed,Jessica Thomas,2024-08-06,2024-07-11,Low,32688.28,25416.73,69.48,Low
Phillips PLC,redefine intuitive ROI,Not Started,Jenna Webster,2024-08-06,,Medium,32688.28,25416.73,69.48,Low
Graham and Sons,utilize open-source architectures,Overdue,Michael White,2024-08-06,,Low,44031.23,42705.71,95.49,Low
Graham and Sons,embrace granular users,Completed,Timothy Cruz,2024-08-06,2024-07-22,High,44031.23,42705.71,95.49,Low
Graham and Sons,strategize granular e-markets,Overdue,Joshua Underwood,2024-08-06,,Low,44031.23,42705.71,95.49,High
Graham and Sons,cultivate virtual e-business,Not Started,Carolyn Friedman,2024-08-06,,Medium,44031.23,42705.71,95.49,High
Graham and Sons,generate vertical schemas,Completed,Christopher Trevino,2024-08-06,2024-08-04,Medium,44031.23,42705.71,95.49,High
Graham and Sons,engage web-enabled deliverables,Completed,Jeremy Miller,2024-08-06,2024-06-24,Medium,44031.23,42705.71,95.49,High
Graham and Sons,productize back-end vortals,Not Started,Noah Sanford,2024-08-06,,High,44031.23,42705.71,95.49,Low
Graham and Sons,embrace impactful info-mediaries,Overdue,Michael Silva,2024-08-06,,Low,44031.23,42705.71,95.49,Medium
Graham and Sons,re-contextualize cross-platform interfaces,Completed,Karen Valdez,2024-08-06,2024-07-25,Low,44031.23,42705.71,95.49,Low
Graham and Sons,harness viral markets,Not Started,Jason James,2024-08-06,,Medium,44031.23,42705.71,95.49,Low
Graham and Sons,enable dot-com communities,Not Started,Cynthia Stephenson,2024-08-06,,High,44031.23,42705.71,95.49,High
Graham and Sons,transform value-added paradigms,In Progress,Gabriel Thompson,2024-08-06,,Medium,44031.23,42705.71,95.49,Medium
Graham and Sons,optimize cross-media mindshare,Completed,Amanda Nelson,2024-08-06,2024-06-15,Medium,44031.23,42705.71,95.49,High
Graham and Sons,implement bleeding-edge schemas,In Progress,Alexandra Jones,2024-08-06,,Low,44031.23,42705.71,95.49,Medium
Graham and Sons,deliver extensible interfaces,Not Started,Lori Harrison,2024-08-06,,Medium,44031.23,42705.71,95.49,High
Graham and Sons,scale virtual users,Completed,Edward Brown,2024-08-06,2024-07-08,High,44031.23,42705.71,95.49,High
Graham and Sons,deliver extensible web-readiness,Overdue,David Singh,2024-08-06,,Medium,44031.23,42705.71,95.49,High
Graham and Sons,generate front-end deliverables,Overdue,Christopher Powers,2024-08-06,,Low,44031.23,42705.71,95.49,High
"Young, Good and Smith",disintermediate turn-key e-tailers,In Progress,Matthew Smith,2024-08-06,,Medium,46318.61,11453.5,67.55,Low
"Young, Good and Smith",embrace next-generation deliverables,In Progress,Amanda Mccarthy,2024-08-06,,Medium,46318.61,11453.5,67.55,Medium
"Young, Good and Smith",unleash mission-critical infrastructures,Completed,Carolyn Lopez,2024-08-06,2024-07-07,Low,46318.61,11453.5,67.55,Low
"Young, Good and Smith",e-enable killer niches,Completed,Heather Reilly,2024-08-06,2024-07-28,Medium,46318.61,11453.5,67.55,High
"Young, Good and Smith",iterate ubiquitous platforms,Overdue,Terri Williams,2024-08-06,,High,46318.61,11453.5,67.55,High
"Young, Good and Smith",maximize intuitive networks,In Progress,Howard Jones,2024-08-06,,High,46318.61,11453.5,67.55,High
"Young, Good and Smith",monetize viral systems,Overdue,Cory Dixon,2024-08-06,,High,46318.61,11453.5,67.55,Low
"Young, Good and Smith",grow collaborative niches,Completed,Shane Hanson,2024-08-06,2024-07-30,Medium,46318.61,11453.5,67.55,Low
"Young, Good and Smith",generate turn-key partnerships,Completed,Shannon Hurst,2024-08-06,2024-07-10,High,46318.61,11453.5,67.55,Medium
"Young, Good and Smith",transition intuitive deliverables,Not Started,Mackenzie Stafford DDS,2024-08-06,,Medium,46318.61,11453.5,67.55,Low
"Young, Good and Smith",syndicate transparent metrics,In Progress,Lisa Swanson,2024-08-06,,High,46318.61,11453.5,67.55,Medium
"Young, Good and Smith",e-enable sticky models,Completed,Gregory Jackson,2024-08-06,2024-07-08,High,46318.61,11453.5,67.55,High
"Young, Good and Smith",harness interactive metrics,Completed,Manuel Kent,2024-08-06,2024-07-27,Medium,46318.61,11453.5,67.55,Low
"Young, Good and Smith",reinvent web-enabled action-items,Not Started,Donna Wise,2024-08-06,,Low,46318.61,11453.5,67.55,High
"Young, Good and Smith",benchmark integrated communities,In Progress,Michael Davis,2024-08-06,,Medium,46318.61,11453.5,67.55,Medium
"Young, Good and Smith",morph viral users,Completed,Troy Cantu,2024-08-06,2024-08-03,Medium,46318.61,11453.5,67.55,High
"Young, Good and Smith",grow collaborative vortals,Completed,Anne Ware,2024-08-06,2024-07-01,Low,46318.61,11453.5,67.55,Medium
"Young, Good and Smith",maximize granular initiatives,Not Started,Karen Daniels,2024-08-06,,High,46318.61,11453.5,67.55,High
Morrison-Davis,incentivize plug-and-play markets,Overdue,Paul Bailey,2024-08-06,,High,58869.38,52762.66,62.94,Low
Morrison-Davis,e-enable rich info-mediaries,Not Started,Cynthia Garcia,2024-08-06,,Low,58869.38,52762.66,62.94,Low
Morrison-Davis,extend world-class bandwidth,Overdue,Natalie Rice,2024-08-06,,High,58869.38,52762.66,62.94,Low
Morrison-Davis,aggregate out-of-the-box paradigms,Overdue,David Montgomery,2024-08-06,,High,58869.38,52762.66,62.94,Medium
Morrison-Davis,benchmark front-end action-items,Completed,Virginia Carroll,2024-08-06,2024-07-19,Medium,58869.38,52762.66,62.94,High
Morrison-Davis,exploit synergistic supply-chains,Completed,Samantha Martinez,2024-08-06,2024-06-21,Low,58869.38,52762.66,62.94,High
Morrison-Davis,whiteboard intuitive content,Overdue,Allison Schultz,2024-08-06,,High,58869.38,52762.66,62.94,High
Morrison-Davis,generate viral architectures,Overdue,Meagan Owens,2024-08-06,,Medium,58869.38,52762.66,62.94,Medium
Morrison-Davis,extend seamless models,Overdue,Megan Reese,2024-08-06,,Low,58869.38,52762.66,62.94,High
Morrison-Davis,evolve customized solutions,Overdue,Victor Ford,2024-08-06,,Low,58869.38,52762.66,62.94,Medium
Morrison-Davis,whiteboard impactful vortals,Not Started,Brandon Lopez,2024-08-06,,High,58869.38,52762.66,62.94,Low
Morrison-Davis,harness interactive schemas,Not Started,James Robbins,2024-08-06,,High,58869.38,52762.66,62.94,High
Morrison-Davis,embrace killer e-tailers,In Progress,Cody Salas,2024-08-06,,Medium,58869.38,52762.66,62.94,Medium
Morrison-Davis,engineer extensible e-markets,In Progress,Dan Bishop,2024-08-06,,High,58869.38,52762.66,62.94,High
Morrison-Davis,optimize synergistic technologies,Not Started,Mark Shaffer,2024-08-06,,Medium,58869.38,52762.66,62.94,High
Morrison-Davis,productize extensible technologies,Completed,Brandon Conley,2024-08-06,2024-06-23,Medium,58869.38,52762.66,62.94,Low
Morrison-Davis,harness out-of-the-box interfaces,Not Started,Eric Snyder,2024-08-06,,Medium,58869.38,52762.66,62.94,Low
Morrison-Davis,transition ubiquitous mindshare,Completed,Carl Valdez,2024-08-06,2024-06-18,High,58869.38,52762.66,62.94,High
